User Utterance,Service,API Request Type,API Request URL,API Request Payload,Test_File,Results_File
Can I see all expense reports I need to approve this week?,Expense Reports & Status,GET,/expensereports/v4/users/{userId}/context/MANAGER/reportsToApprove,approvalStatus filter,test_002_can_i_see_all_expense_reports_i_need_to_approve_this_week.py,test_002_results.json
Which expense reports are overdue for approval?,Expense Reports & Status,GET,/api/v3.0/expense/reports,approvalStatusCode=A_PEND&submitDateBefore={7daysAgo},test_003_which_expense_reports_are_overdue_for_approval.py,test_003_results.json
Show me expense reports that were sent back to employees,Expense Reports & Status,GET,/api/v3.0/expense/reports,approvalStatusCode=A_RESU,test_004_show_me_expense_reports_that_were_sent_back_to_employees.py,
What reports are currently being processed for payment?,Expense Reports & Status,GET,/api/v3.0/expense/reports,paymentStatusCode=P_PROC,test_005_what_reports_are_currently_being_processed_for_payment.py,test_005_results.json
How many expense reports has my team submitted this month?,Expense Reports & Status,GET,/api/v3.0/expense/reports,user=ALL&submitDateAfter={monthStart}&limit=1000,,
Which of my reports are stuck in exception review?,Expense Reports & Status,GET,/api/v3.0/expense/reports,approvalStatusCode=A_AAFH,test_007_which_of_my_reports_are_stuck_in_exception_review.py,test_007_results.json
Show me all reports pending manager approval for a specific employee,Expense Reports & Status,GET,/api/v3.0/expense/reports,user={loginID}&approvalStatusCode=A_PEND,test_008_show_me_all_reports_pending_manager_approval_for_a_specific_employee.py,
What's the total amount in my pending reimbursements?,Expense Reports & Status,GET,/expensereports/v4/reports,"Sum AmountDueEmployee for approvalStatus=SUBMITTED,APPROVED",test_009_whats_the_total_amount_in_my_pending_reimbursements.py,test_009_results.json
Can I see reports that were approved but not yet extracted?,Expense Reports & Status,GET,/api/v3.0/expense/reports,approvalStatusCode=A_APPR&hasException=N&extractedDate=null,test_010_can_i_see_reports_that_were_approved_but_not_yet_extracted.py,test_010_results.json
Which reports have I submitted in the last quarter?,Expense Reports & Status,GET,/api/v3.0/expense/reports,user=me&submitDateAfter={quarterStart}&submitDateBefore={quarterEnd},test_011_which_reports_have_i_submitted_in_the_last_quarter.py,test_011_results.json
Show me expense reports with total amount over $5000,Expense Reports & Status,GET,/api/v3.0/expense/reports,totalApprovedAmount>5000,test_012_show_me_expense_reports_with_total_amount_over_5000.py,test_012_results.json
What reports are waiting for finance review?,Expense Reports & Status,GET,/api/v3.0/expense/reports,approvalStatusCode=A_APPR&paymentStatusCode=P_NOTP,test_013_what_reports_are_waiting_for_finance_review.py,test_013_results.json
Can I retrieve all reports for a specific cost center?,Expense Reports & Status,GET,/api/v3.0/expense/reports,"customFilter for cost center custom field, paginate results",test_014_can_i_retrieve_all_reports_for_a_specific_cost_center.py,test_014_results.json
Which reports were paid via ACH last month?,Expense Reports & Status,GET,/api/v3.0/expense/reports,paymentStatusCode=P_PAID&paidDateAfter={lastMonth}&paymentType=ACH,test_015_which_reports_were_paid_via_ach_last_month.py,test_015_results.json
Show me my draft reports that haven't been submitted yet,Expense Reports & Status,GET,/api/v3.0/expense/reports,approvalStatusCode=A_NOTF&user=me,test_016_show_me_my_draft_reports_that_havent_been_submitted_yet.py,test_016_results.json
What's the average approval time for reports this quarter?,Expense Reports & Status,GET,/api/v3.0/expense/reports,"submitDateAfter={quarterStart}, calculate delta between submitDate and approvedDate",test_017_whats_the_average_approval_time_for_reports_this_quarter.py,
Can I see all reports that triggered policy exceptions?,Expense Reports & Status,GET,/api/v3.0/expense/reports,hasException=Y,test_018_can_i_see_all_reports_that_triggered_policy_exceptions.py,test_018_results.json
Which reports are eligible for early payment?,Expense Reports & Status,GET,/api/v3.0/expense/reports,approvalStatusCode=A_APPR&paymentStatusCode=P_NOTP&approvedDate<{5daysAgo},test_019_which_reports_are_eligible_for_early_payment.py,test_019_results.json
Show me expense reports with missing manager approval,Expense Reports & Status,GET,/api/v3.0/expense/reports,approvalStatusCode=A_PEND&approverName=null,test_020_show_me_expense_reports_with_missing_manager_approval.py,test_020_results.json
What reports did I approve yesterday?,Expense Reports & Status,GET,/expensereports/v4/users/{userId}/context/MANAGER/reportsToApprove,"Filter for approvedDate=yesterday, may need custom tracking",test_021_what_reports_did_i_approve_yesterday.py,test_021_results.json
Can I see reports from employees in the Chicago office?,Expense Reports & Status,GET,/api/v3.0/expense/reports,"user=ALL, filter by location custom field or employee location",test_022_can_i_see_reports_from_employees_in_the_chicago_office.py,test_022_results.json
Which reports have been open for more than 30 days?,Expense Reports & Status,GET,/api/v3.0/expense/reports,approvalStatusCode=A_PEND&createDateBefore={30daysAgo},test_023_which_reports_have_been_open_for_more_than_30_days.py,test_023_results.json
Show me reports with foreign currency expenses,Expense Reports & Status,GET,/api/v3.0/expense/reports,hasForeignCurrency=Y or check CurrencyCode≠ReportCurrency,test_024_show_me_reports_with_foreign_currency_expenses.py,test_024_results.json
What's my reimbursement history for the past year?,Expense Reports & Status,GET,/api/v3.0/expense/reports,user=me&paymentStatusCode=P_PAID&paidDateAfter={yearAgo},test_025_whats_my_reimbursement_history_for_the_past_year.py,test_025_results.json
Can I see reports that exceed my approval threshold?,Expense Reports & Status,GET,/api/v3.0/expense/reports,"approvalStatusCode=A_PEND&totalApprovedAmount>{threshold}, requires manager context",test_026_can_i_see_reports_that_exceed_my_approval_threshold.py,
Which reports are pending processor approval?,Expense Reports & Status,GET,/api/v3.0/expense/reports,approvalStatusCode=A_APPR&paymentStatusCode=P_NOTP,test_027_which_reports_are_pending_processor_approval.py,
Show me all recalled expense reports,Expense Reports & Status,GET,/api/v3.0/expense/reports,approvalStatusCode=A_RESU&recalledDate IS NOT NULL,test_028_show_me_all_recalled_expense_reports.py,test_028_results.json
What reports were created from travel requests?,Expense Reports & Status,GET,/api/v3.0/expense/reports,Filter by travelRequestId custom field or link,test_029_what_reports_were_created_from_travel_requests.py,test_029_results.json
Can I see reports with specific report names?,Expense Reports & Status,GET,/api/v3.0/expense/reports,reportName contains search term,,
Which reports have comments from approvers?,Expense Reports & Status,GET,/expensereports/v4/reports/{reportId},Check for approver comments in workflow history,,
Show me the full details of a specific expense report,Expense Reports & Status,GET,/api/expense/expensereport/v2.0/report/{reportId},Returns complete report with entries and allocations,,
What's the payment method for my approved reports?,Expense Reports & Status,GET,/api/v3.0/expense/reports,"paymentStatusCode=A_APPR, check PaymentType field",test_033_whats_the_payment_method_for_my_approved_reports.py,test_033_results.json
Can I see reports where I'm listed as a delegate?,Expense Reports & Status,GET,/api/v3.0/expense/reports,delegateLoginID=me,,
Which reports need receipts attached before approval?,Expense Reports & Status,GET,/api/v3.0/expense/reports,hasImages=false&approvalStatusCode=A_PEND&requiresReceipts=Y,,
Show me reports with expenses from my corporate card,Expense Reports & Status,GET,/api/v3.0/expense/reports,paymentType=CBCP (Company Billed Corporate Pay),test_036_show_me_reports_with_expenses_from_my_corporate_card.py,test_036_results.json
What reports have been audited by finance?,Expense Reports & Status,GET,/api/v3.0/expense/reports,auditStatus=AUDITED or custom audit field,,
Can I see the workflow history of my expense report?,Expense Reports & Status,GET,/expensereports/v4/reports/{reportId},Includes workflow transitions in response,,
Which reports were submitted by my assistant?,Expense Reports & Status,GET,/api/v3.0/expense/reports,submitterLoginID={assistantID},,
Show me reports with allocations to multiple projects,Expense Reports & Status,GET,/api/v3.0/expense/reports,"hasAllocations=Y, then check allocation count",,
What's the status of reports I submitted on behalf of my manager?,Expense Reports & Status,GET,/api/v3.0/expense/reports,user={managerID}&submitterLoginID=me,,
What are the line items on this expense report?,Expense Entries & Details,GET,/expensereports/v4/reports/{reportId}/expenses,N/A,,
Show me all parking expenses from last month,Expense Entries & Details,GET,/api/v3.0/expense/entries,expenseTypeCode=PARKN&transactionDateAfter={lastMonth},,
Which expenses don't have receipts attached?,Expense Entries & Details,GET,/api/v3.0/expense/entries,hasImage=N,,
Can I see all my hotel expenses for Q4?,Expense Entries & Details,GET,/api/v3.0/expense/entries,expenseTypeCode=LODNG&transactionDateAfter=2024-10-01&user=me,,
What's the total I've spent on airfare this year?,Expense Entries & Details,GET,/api/v3.0/expense/entries,"expenseTypeCode=AIRFR&transactionDateAfter={yearStart}&user=me, sum amounts",,
Show me expenses with vendor violations,Expense Entries & Details,GET,/api/v3.0/expense/entries,hasVendorViolation=Y or check exception details,,
Which entries are itemized?,Expense Entries & Details,GET,/api/v3.0/expense/entries,hasItemizations=Y,,
Can I see all mileage entries with routes?,Expense Entries & Details,GET,/api/v3.0/expense/entries,"expenseTypeCode=MILEG, Journey object contains route details",,
What expenses were paid with my personal credit card?,Expense Entries & Details,GET,/api/v3.0/expense/entries,paymentTypeCode=CASHX (Out of Pocket),,
Show me entries that exceed policy thresholds,Expense Entries & Details,GET,/api/v3.0/expense/entries,hasException=Y,,
Which expenses have attendees associated?,Expense Entries & Details,GET,/api/v3.0/expense/entries,hasAttendees=Y,,
Can I update the business purpose on an expense?,Expense Entries & Details,PUT,/api/v3.0/expense/entries/{id},Body: {Comment: updated business purpose},,
What's the merchant name for this transaction?,Expense Entries & Details,GET,/api/v3.0/expense/entries/{id},Check VendorDescription field,,
Show me expenses with VAT that needs reclaiming,Expense Entries & Details,GET,/api/v3.0/expense/entries,hasVAT=Y&countryCode in EU countries,,
How do I delete an expense entry from my report?,Expense Entries & Details,DELETE,/api/v3.0/expense/entries/{id},Only for unsubmitted reports,,
Can I see all entries allocated to Project Alpha?,Expense Entries & Details,GET,/api/v3.0/expense/entries,Custom field filter for project=Alpha,,
Which expenses were created from e-receipts?,Expense Entries & Details,GET,/api/v3.0/expense/entries,sourceType=E-Receipt or similar indicator,,
Show me entries with notes or comments,Expense Entries & Details,GET,/api/v3.0/expense/entries,Comment IS NOT NULL,,
What's the allocation breakdown for this expense?,Allocations & Splitting,GET,/expensereports/v4/reports/{reportId}/expenses/{expenseId}/allocations,Returns allocation details,,
Can I update allocation percentages?,Allocations & Splitting,PATCH,/expensereports/v4/reports/{reportId}/allocations/{allocationId},"Body: {percentage, customData}",,
Show me all expenses with cross-departmental allocations,Allocations & Splitting,GET,/api/v3.0/expense/entries,"hasAllocations=Y, then check allocation departments",,
What are the itemized charges on this hotel bill?,Itemizations,GET,/expensereports/v4/reports/{reportId}/expenses/{expenseId}/itemizations,Returns itemization details,,
Who attended this business dinner?,Attendees & Entertainment,GET,/api/v3.0/expense/entryattendeeassociations,entryID={id},,
How do I add attendees to an entertainment expense?,Attendees & Entertainment,POST,/api/v3.0/expense/entryattendeeassociations,"Body: {EntryID, AttendeeID, Amount}",,
Show me all expenses with external attendees,Attendees & Entertainment,GET,/api/v3.0/expense/attendees,attendeeTypeCode=BUSGUEST or similar,,
What's the total I've spent entertaining clients?,Attendees & Entertainment,GET,/api/v3.0/expense/entries,expenseTypeCode=ENTMT&hasAttendees=Y&transactionDateAfter={period},,
Can I see attendee details for compliance reporting?,Attendees & Entertainment,GET,/api/v3.0/expense/attendees,"attendeeTypeCode=HCP (Healthcare Professional), for pharma compliance",,
How do I create a new attendee?,Attendees & Entertainment,POST,/api/v3.0/expense/attendees,"Body: {AttendeeType, FirstName, LastName, Company, Title}",,
Which expenses have attendee count over 5?,Attendees & Entertainment,GET,/api/v3.0/expense/entryattendeeassociations,"Group by EntryID, count > 5",,
Show me all meals with attendees from last quarter,Attendees & Entertainment,GET,/api/v3.0/expense/entries,expenseTypeCode=MEALS&hasAttendees=Y&transactionDateAfter={quarterStart},,
Can I update attendee information?,Attendees & Entertainment,PUT,/api/v3.0/expense/attendees/{id},Body: Updated attendee details,,
What's the per-person cost breakdown?,Attendees & Entertainment,GET,/api/v3.0/expense/entryattendeeassociations,Amount field shows per-attendee allocation,,
How do I remove an attendee from an expense?,Attendees & Entertainment,DELETE,/api/v3.0/expense/entryattendeeassociations/{id},Removes attendee association,,
What travel requests are pending my approval?,Travel Requests,GET,/travelrequest/v4/requests,view=TOAPPROVE&userId={managerId},,
Show me my submitted travel requests,Travel Requests,GET,/travelrequest/v4/requests,view=OWNED&userId={userId},,
Has my travel request for next month been approved?,Travel Requests,GET,/travelrequest/v4/requests/{uuid},Check status field in response,,
Can I create a new travel request?,Travel Requests,POST,/travelrequest/v4/requests,"Body: {name, startDate, endDate, mainDestinationName}",,
How do I add expected expenses to my travel request?,Travel Requests,POST,/travelrequest/v4/requests/{uuid}/expenses,"Body: Expected expense details (type, amount, date)",,
What's the approval workflow for this request?,Travel Requests,GET,/travelrequest/v4/requests/{uuid}/approvers,Returns approval chain,,
Show me travel requests for the sales team,Travel Requests,GET,/travelrequest/v4/requests,userId=ALL with department filter logic,,
Can I update the destination on my pending request?,Travel Requests,PUT,/travelrequest/v4/requests/{uuid},Body: Updated request details,,
How do I cancel a travel request?,Travel Requests,POST,/travelrequest/v4/requests/{uuid}/cancel,No body required,,
Which travel requests exceed the budget?,Travel Requests,GET,/travelrequest/v4/requests,"Check totalApprovedAmount against budget, requires custom logic",,
Show me requests that need travel policy verification,Travel Requests,GET,/travelrequest/v4/requests,status=PENDING_EXTERNAL_VALIDATION,,
What's the estimated cost of my upcoming travel?,Travel Requests,GET,/travelrequest/v4/requests/{uuid}/expenses,Sum expected expense amounts,,
Can I add segments to my travel request?,Travel Requests,POST,/travelrequest/v4/requests/{uuid}/segments,"Body: Segment details (air, hotel, car)",,
How do I approve a travel request?,Travel Requests,POST,/travelrequest/v4/requests/{uuid}/approve,Body: {comment (optional)},,
Show me requests with cash advance approved,Travel Requests,GET,/travelrequest/v4/requests,Filter for hasCashAdvance=Y,,
What travel requests were recently denied?,Travel Requests,GET,/travelrequest/v4/requests,status=DENIED,,
Can I see the history of changes to this request?,Travel Requests,GET,/travelrequest/v4/requests/{uuid},Workflow history in response,,
How do I send back a request for more information?,Travel Requests,POST,/travelrequest/v4/requests/{uuid}/sendback,Body: {comment with reason},,
Which requests are awaiting external system validation?,Travel Requests,GET,/travelrequest/v4/requests,status=PENDING_EXTERNAL_VALIDATION,,
Show me all international travel requests,Travel Requests,GET,/travelrequest/v4/requests,Filter by international destination codes,,
What's the purpose of this travel request?,Travel Requests,GET,/travelrequest/v4/requests/{uuid},businessPurpose field,,
Can I assign a policy exception to this request?,Travel Requests,PUT,/travelrequest/v4/requests/{uuid},Include policy exception in request body,,
How do I retrieve requests for a specific traveler?,Travel Requests,GET,/travelrequest/v4/requests,userId={travelerId},,
Show me requests with comments from approvers,Travel Requests,GET,/travelrequest/v4/requests/{uuid},Comments in workflow section,,
What are the expected expenses on this travel request?,Expected Expenses,GET,/travelrequest/v4/requests/{uuid}/expenses,Returns expected expense list,,
How do I add a hotel estimate to my request?,Expected Expenses,POST,/travelrequest/v4/requests/{uuid}/expenses,"Body: {expenseType: LODGING, estimatedAmount, dates}",,
Can I update the estimated airfare cost?,Expected Expenses,PUT,/travelrequest/v4/requests/{uuid}/expenses/{expenseId},Body: Updated expense details,,
Show me the total estimated cost breakdown,Expected Expenses,GET,/travelrequest/v4/requests/{uuid}/expenses,Sum by expense type,,
How do I delete an expected expense?,Expected Expenses,DELETE,/travelrequest/v4/requests/{uuid}/expenses/{expenseId},Removes expense from request,,
What expected expenses need manager approval?,Expected Expenses,GET,/travelrequest/v4/requests/{uuid}/expenses,Filter for expenses above approval threshold,,
Can I allocate expected expenses to cost centers?,Expected Expenses,POST,/travelrequest/v4/requests/{uuid}/allocations,Body: Allocation details for expected expenses,,
What are my upcoming trips?,Itineraries & Trips,GET,/api/travel/trip/v1.1/trips,startDate={today}&includeMetadata=true&includeVirtual=false,,
Show me the complete itinerary for my New York trip,Itineraries & Trips,GET,/api/v1.1/Itinerary/{tripId},Returns all segments and details,,
When is my next flight?,Itineraries & Trips,GET,/api/travel/trip/v1.1/trips,"startDate={today}, parse Air segments for next departure",,
Can I see my hotel confirmation number?,Itineraries & Trips,GET,/api/v1.1/Itinerary/{tripId},Parse Lodging segments for ConfirmationNumber,,
What rental car do I have reserved?,Itineraries & Trips,GET,/api/travel/trip/v1.1/trips,Parse Car segments for reservation details,,
Show me all trips for Q1 2025,Itineraries & Trips,GET,/api/travel/trip/v1.1/trips,startDate=2025-01-01&endDate=2025-03-31,,
How do I add a booking to my itinerary?,Itineraries & Trips,POST,/api/travel/booking/v1.1/,Body: Booking with segments (Air/Hotel/Car),,
Can I update my hotel reservation?,Itineraries & Trips,POST,/api/travel/booking/v1.1/,Body: Updated Hotel segment with same tripId,,
What's my flight status?,Itineraries & Trips,GET,/api/travel/trip/v1.1/trips,"Parse Air segment for FlightNumber, query flight status API externally",,
Show me trips where I'm the travel arranger,Itineraries & Trips,GET,/api/travel/trip/v1.1/trips,Filter for trips arranged by user,,
Can I see trips with unused airline tickets?,Itineraries & Trips,GET,/api/travelprofile/v2.0/profile,UnusedTickets section in profile,,
How do I cancel my trip?,Itineraries & Trips,POST,/api/travel/booking/v1.1/cancel,"Body: {confirmationNumber, bookingSource}",,
What trips did I take last year?,Itineraries & Trips,GET,/api/travel/trip/v1.1/trips,startDate=2024-01-01&endDate=2024-12-31,,
Show me my seat assignments for upcoming flights,Itineraries & Trips,GET,/api/v1.1/Itinerary/{tripId},Parse Air segments for SeatPreference/Assignment,,
Can I add a rail segment to my trip?,Itineraries & Trips,POST,/api/travel/booking/v1.1/,Body: Rail segment details,,
What's the total estimated cost of my trip?,Itineraries & Trips,GET,/api/travel/trip/v1.1/trips,Sum booking amounts from all segments,,
Show me trips booked through our TMC,Itineraries & Trips,GET,/api/travel/trip/v1.1/trips,Filter by BookingSource=TMC name,,
How do I retrieve trip details by confirmation number?,Itineraries & Trips,GET,/api/travel/trip/v1.1/trips,Search by RecordLocator or confirmation,,
Can I see ground transportation bookings?,Itineraries & Trips,GET,/api/v1.1/Itinerary/{tripId},Parse Ground segments if available,,
What hotels am I staying at next month?,Itineraries & Trips,GET,/api/travel/trip/v1.1/trips,"startDate={nextMonth}, parse Lodging segments",,
What are my travel preferences?,Travel Profiles,GET,/profile/v1/me,schema=travel,,
Show me my frequent flyer numbers,Travel Profiles,GET,/api/travelprofile/v2.0/profile,LoyaltyProgramEnrollment section,,
Can I update my TSA PreCheck number?,Travel Profiles,PUT,/profile/v1/me,Body: Include TSAPreCheckNumber in travel section,,
What's my preferred airline seat?,Travel Profiles,GET,/api/travelprofile/v2.0/profile,AirMemberships > PreferredSeat,,
How do I add a new loyalty program?,Travel Profiles,POST,/api/travelprofile/v2.0/profile,Body: Add to LoyaltyProgramEnrollment,,
Show me my hotel preferences,Travel Profiles,GET,/api/travelprofile/v2.0/profile,HotelMemberships section,,
What's my Global Entry number?,Travel Profiles,GET,/profile/v1/me,"schema=travel, check GlobalEntryNumber",,
Can I see my car rental preferences?,Travel Profiles,GET,/api/travelprofile/v2.0/profile,CarMemberships section,,
What's the per diem rate for London?,Travel Allowances,GET,/travelallowance/v4/configurations,location=London&startDate={tripDate},,
Show me allowance rates for my upcoming trip,Travel Allowances,GET,/travelallowance/v4/configurations,Filter by destination from itinerary,,
What invoices are pending approval?,Invoice Management,GET,/api/v3.0/invoice/paymentrequestdigests,approvalStatus=A_PEND,,
Show me the details of this invoice,Invoice Management,GET,/api/v3.0/invoice/paymentrequests/{id},Returns complete invoice details,,
How do I approve an invoice?,Invoice Management,PUT,/api/v3.0/invoice/paymentrequests/{id},Body: {status: APPROVED},,
Which invoices are ready for payment?,Invoice Management,GET,/invoice/provider-payment/v4/payments,PaymentStatus=PENDING_RETRIEVAL,,
What's the status of invoice INV-12345?,Invoice Management,GET,/api/v3.0/invoice/paymentrequestdigests,invoiceNumber=INV-12345&vendorCode={vendor},,
Show me invoices over $10000,Invoice Management,GET,/api/v3.0/invoice/paymentrequestdigests,invoiceAmount>10000,,
Can I see invoices for a specific vendor?,Invoice Management,GET,/api/v3.0/invoice/paymentrequestdigests,vendorCode={vendor},,
How do I create a new invoice?,Invoice Management,POST,/api/v3.0/invoice/paymentrequests,Body: Complete invoice details,,
What invoices were paid last month?,Invoice Management,GET,/invoice/payment-confirmation/v4/payments,paymentDate between last month dates,,
Show me invoices with exceptions,Invoice Management,GET,/api/v3.0/invoice/paymentrequestdigests,hasException=Y,,
Can I update the invoice due date?,Invoice Management,PUT,/api/v3.0/invoice/paymentrequests/{id},Body: {dueDate: new date},,
Which invoices are overdue?,Invoice Management,GET,/api/v3.0/invoice/paymentrequestdigests,dueDate < today & paymentStatus ≠ PAID,,
Show me the approval history for this invoice,Invoice Management,GET,/api/v3.0/invoice/paymentrequests/{id},Approval workflow in response,,
What purchase orders are open?,Purchase Orders,GET,/api/v3.0/invoice/purchaseorders,status=OPEN,,
Show me PO details for PO-2024-001,Purchase Orders,GET,/api/v3.0/invoice/purchaseorders,purchaseOrderNumber=PO-2024-001,,
Can I see receipts for this purchase order?,Purchase Orders,GET,/api/v3.0/invoice/purchaseorderreceipts,purchaseOrderId={id},,
How do I create a goods receipt?,Purchase Orders,POST,/api/v3.0/invoice/purchaseorderreceipts,"Body: PO reference, received quantity, date",,
What's the remaining balance on this PO?,Purchase Orders,GET,/api/v3.0/invoice/purchaseorders/{id},Calculate: TotalAmount - InvoicedAmount,,
Show me POs for a specific vendor,Purchase Orders,GET,/api/v3.0/invoice/purchaseorders,vendorCode={vendor},,
Can I update a PO receipt quantity?,Purchase Orders,PUT,/api/v3.0/invoice/purchaseorderreceipts/{id},Body: Updated ReceivedQuantity,,
What purchase requests need approval?,Purchase Requests,GET,/api/v4/purchaserequest/purchaserequests,status=PENDING_APPROVAL,,
How do I create a new purchase request?,Purchase Requests,POST,/api/v4/purchaserequest/purchaserequests,"Body: PR details, line items, approvers",,
Show me approved purchase requests,Purchase Requests,GET,/api/v4/purchaserequest/purchaserequests,status=APPROVED,,
What vendors are in our system?,Vendor Management,GET,/api/v3.1/invoice/vendors,limit=100&offset=0,,
Show me vendor details for ACME Corp,Vendor Management,GET,/api/v3.1/invoice/vendors,vendorCode=ACME or vendorName contains ACME,,
How do I create a new vendor?,Vendor Management,POST,/api/v3.1/invoice/vendors,"Body: Vendor details (name, code, address, payment terms)",,
Can I update vendor payment information?,Vendor Management,PUT,/api/v3.1/invoice/vendors,"Body: Updated bank details, payment method",,
Which vendors have ACH payment enabled?,Vendor Management,GET,/api/v3.1/invoice/vendors,paymentMethodType=ACH,,
Show me inactive vendors,Vendor Management,GET,/api/v3.1/invoice/vendors,status=INACTIVE,,
How do I deactivate a vendor?,Vendor Management,PUT,/api/v3.1/invoice/vendors,Body: {status: INACTIVE},,
Can I see vendor tax information?,Vendor Management,GET,/api/v3.1/invoice/vendors/{id},TaxID and tax details in response,,
Show me vendors added this month,Vendor Management,GET,/api/v3.1/invoice/vendors,createdDate >= month start,,
Which vendors require W-9 forms?,Vendor Management,GET,/api/v3.1/invoice/vendors,"country=US&taxFormRequired=Y, custom tracking",,
How do I update a vendor's address?,Vendor Management,PUT,/api/v3.1/invoice/vendors,Body: Updated address fields,,
How does a tax service retrieve tax calculation requests?,Sales Tax Validation,GET,/api/v3.0/invoice/salestaxvalidationrequest,Returns pending tax calculations,,
How do I submit calculated tax amounts?,Sales Tax Validation,PUT,/api/v3.0/invoice/salestaxvalidationrequest,Body: Calculated tax details,,
What transactions are on my corporate card?,Corporate Cards,GET,/api/v4/cards/transactions,accountId={cardAccount}&transactionDate>={startDate},,
Show me unmatched card transactions,Corporate Cards,GET,/api/v4/cards/transactions,isMatched=false or similar filter,,
What's my card account balance?,Corporate Cards,GET,/api/v4/cards/accounts/{accountId},Balance and credit limit,,
How do I upload a receipt?,Receipts & Images,POST,/receipts/v4/users/{userId},Multipart: receipt image + metadata,,
Show me the receipt for this expense,Receipts & Images,GET,/api/v4/spend-documents/receipts/{receiptId},Returns receipt image/PDF,,
Can I retrieve receipt data via OCR?,Receipts & Images,GET,/spend-documents/v4/receipts/{receiptId},OCR data in response if available,,
What's the status of my uploaded receipt?,Receipts & Images,GET,/receipts/v4/status/{receiptId},Processing status,,
How do I get the receipt image URL?,Receipts & Images,GET,/api/image/v1.0/receipt/{imageId},Returns image URL,,
Show me receipts pending review,Receipts & Images,GET,/receipts/v4/users/{userId},Filter by status=PENDING_REVIEW,,
Can I delete a receipt?,Receipts & Images,DELETE,/receipts/v4/{receiptId},Removes receipt,,
How do I link a receipt to an expense?,Receipts & Images,PUT,/api/v3.0/expense/entries/{id},Body: Include receiptImageId,,
What receipts were uploaded today?,Receipts & Images,GET,/receipts/v4/users/{userId},Filter by uploadDate=today,,
Show me receipts that failed processing,Receipts & Images,GET,/receipts/v4/status,status=FAILED,,
How do I upload a PDF receipt?,Receipts & Images,POST,/receipts/v4/users/{userId},Multipart: PDF file (max 10MB) + metadata,,
What merchants are on my recent receipts?,Receipts & Images,GET,/spend-documents/v4/receipts,Parse merchant name from OCR data,,
Show me receipts with compliance issues,Receipts & Images,GET,/spend-documents/v4/receipts,Check for complianceStatus flags,,
Can I update receipt metadata?,Receipts & Images,PUT,/receipts/v4/{receiptId},Body: Updated metadata,,
How do I get receipt data for tax reclaim?,Receipts & Images,GET,/spend-documents/v4/receipts,"Extract VAT amounts, merchant tax IDs",,
Show me all e-receipts from hotel partners,Receipts & Images,GET,/receipts/v4/users/{userId},"Filter by source=E-RECEIPT, merchant type",,
Can I see duplicate receipt detection results?,Receipts & Images,GET,/spend-documents/v4/receipts/{receiptId},Check for duplicate flags in response,,
How do I create a quick expense with my mobile app?,Quick Expenses,POST,/quickexpense/v4/users/{userId}/context/TRAVELER/quickexpenses,"Body: {amount, transactionDate, expenseTypeId}",,
Can I submit a quick expense with a photo?,Quick Expenses,POST,/quickexpense/v4/users/{userId}/context/TRAVELER/quickexpenses/image,Multipart: expense JSON + image,,
How do I submit my expense report?,Workflows & Approvals,POST,/expensereports/v4/reports/{reportId}/submit,Body: {comment (optional)},,
Can I recall a submitted report?,Workflows & Approvals,POST,/expensereports/v4/reports/{reportId}/recall,No body required,,
How do I approve an expense report?,Workflows & Approvals,POST,/expensereports/v4/reports/{reportId}/approve,Body: {comment (optional)},,
Show me how to send back a report for corrections,Workflows & Approvals,POST,/expensereports/v4/reports/{reportId}/sendback,Body: {comment: reason for sendback},,
Can I assign a report to another approver?,Workflows & Approvals,PATCH,/expensereports/v4/reports/{reportId},"Reassign workflow, may require custom implementation",,
How do I withdraw a travel request?,Workflows & Approvals,POST,/travelrequest/v4/requests/{uuid}/cancel,Cancels pending request,,
How do I create a new user?,User Provisioning,POST,/profile/v4/Users/,Body: Complete user profile with extensions,,
Can I update a user's manager?,User Provisioning,PATCH,/profile/v4/Users/{uuid},Body: {manager: {value: managerUUID}},,
How do I deactivate a terminated employee?,User Provisioning,PATCH,/profile/v4/Users/{uuid},"Body: {active: false, terminationDate}",,
Show me the status of a provision operation,User Provisioning,GET,/profile/v4/provisions/{id}/status,Returns operation status and any errors,,
Can I bulk create 50 users?,User Provisioning,POST,/profile/v4/Bulk/,Body: Array of up to 100 operations,,
How do I add expense delegate to a user?,User Provisioning,PATCH,/profile/v4/Users/{uuid},Body: Add SpendDelegate extension,,
What users were created this week?,User Provisioning,GET,/identity/v4.1/Users/.search,filter=meta.created ge {weekStart},,
Can I update a user's cost center?,User Provisioning,PATCH,/profile/v4/Users/{uuid},Body: Update SpendUser extension,,
How do I assign roles to a user?,User Provisioning,PATCH,/profile/v4/Users/{uuid},Body: {roles: [{value: roleId}]},,
How do I search for users by email?,Identity Management,POST,/identity/v4.1/Users/.search,Body: {filter: emails.value eq user@company.com},,
Show me all active users in the system,Identity Management,POST,/identity/v4.1/Users/.search,"Body: {filter: active eq true, count: 1000}",,
Can I get a user's profile by UUID?,Identity Management,GET,/identity/v4.1/Users/{uuid},Returns complete user profile,,
How do I find users in a specific department?,Identity Management,POST,/identity/v4.1/Users/.search,Body: {filter: department eq Sales},,
Can I retrieve a user's groups?,Identity Management,GET,/identity/v4.1/Users/{uuid},Groups in response,,
How do I get user expense configuration?,Identity Management,GET,/profile/v1/me,schema=expense,,
Show me users with travel arranger role,Identity Management,POST,/identity/v4.1/Users/.search,Body: {filter: roles contains TRAVEL_ARRANGER},,
Can I see a user's delegates?,Identity Management,GET,/api/v4/identity/delegates,userId={uuid},,
What expense categories can I use?,List Management,GET,/list/v4/lists,Filter for expense type lists,,
Show me all custom lists in the system,List Management,GET,/list/v4/lists,Returns all list definitions,,
How do I create a new custom list?,List Management,POST,/list/v4/lists,"Body: {listType, displayName, description}",,
Can I update a list name?,List Management,PATCH,/list/v4/lists/{listId},Body: {displayName: new name},,
Show me the cost center list,List Management,GET,/list/v4/lists,Filter for cost center list,,
How do I delete a list?,List Management,DELETE,/list/v4/lists/{listId},Removes list if no dependencies,,
What lists are used in expense configuration?,List Management,GET,/expenseconfig/v4/users/{userId}/groupconfigs,Custom field definitions reference lists,,
How do I export all list definitions?,List Management,GET,/list/v4/lists,Paginate through all lists,,
Show me lists modified in the last month,List Management,GET,/list/v4/lists,Filter by lastModified date,,
What items are in the project code list?,List Items,GET,/list/v4/lists/{listId}/items,Returns all list items,,
How do I add a new project code?,List Items,POST,/list/v4/lists/{listId}/items,"Body: {value, shortCode, displayName}",,
Can I deactivate an old cost center?,List Items,PATCH,/list/v4/lists/{listId}/items/{itemId},Body: {isActive: false},,
Show me active vendors in the vendor list,List Items,GET,/list/v4/lists/{listId}/items,Filter for isActive=true,,
How do I bulk import 100 list items?,List Items,POST,/list/v4/lists/{listId}/bulk,Body: Array of list items,,
Can I update a list item's hierarchy?,List Items,PATCH,/list/v4/lists/{listId}/items/{itemId},Body: {parentId: new parent UUID},,
Show me child items of this parent code,List Items,GET,/list/v4/lists/{listId}/items,Filter by parentId,,
How do I delete an unused list item?,List Items,DELETE,/list/v4/lists/{listId}/items/{itemId},Removes item if not in use,,
How do I start an expense data extract?,Extract & Analytics,POST,/api/expense/extract/v1.0/{DefinitionID}/job,Returns JobID,,
What's the status of my extract job?,Extract & Analytics,GET,/api/expense/extract/v1.0/job/{JobID}/status,Returns status (Queued/Processing/Complete),,
Can I download the extract file?,Extract & Analytics,GET,/api/expense/extract/v1.0/job/{JobID}/file,Returns CSV file,,
Show me available extract definitions,Extract & Analytics,GET,/api/expense/extract/v1.0/,Lists standard extracts,,
How do I extract Standard Accounting Extract?,Extract & Analytics,POST,/api/expense/extract/v1.0/SAE/job,Standard GL extract,,
How do I subscribe to expense report events?,Event Subscriptions,PUT,/events/v4/subscriptions/webhook,"Body: {webhook: {endpoint, filter, topic}}",,
Show me my active event subscriptions,Event Subscriptions,GET,/events/v4/subscriptions,Returns all subscriptions,,
Can I update my webhook endpoint?,Event Subscriptions,PUT,/events/v4/subscriptions/webhook/{id},Body: {endpoint: new URL},,
How do I unsubscribe from events?,Event Subscriptions,DELETE,/events/v4/subscriptions/webhook/{id},Removes subscription,,
What expense types are available for this user?,Configuration & Settings,GET,/expenseconfig/v4/users/{userId}/policies/{policyId}/expensetypes,Returns configured expense types,,
Show me payment types for expense entry,Configuration & Settings,GET,/expenseconfig/v4/users/{userId}/policies/{policyId}/paymenttypes,Returns payment method options,,
What policies apply to this user?,Configuration & Settings,GET,/expenseconfig/v4/users/{userId}/groupconfigs,Returns group configuration,,
Can I see custom field configuration?,Configuration & Settings,GET,/expenseconfig/v4/users/{userId}/groupconfigs,Custom field definitions included,,
Show me expense form configuration,Configuration & Settings,GET,/expenseconfig/v4/users/{userId}/forms,Form layout and field visibility,,
What's the receipt threshold for this expense type?,Configuration & Settings,GET,/expenseconfig/v4/users/{userId}/policies/{policyId}/expensetypes,ReceiptRequired threshold in config,,
How do I retrieve tax invoice validation data?,Digital Tax Invoices,GET,/spend-documents/v4/receipts/{receiptId},Tax invoice details if applicable,,
Can I see VAT details on this receipt?,Digital Tax Invoices,GET,/spend-documents/v4/receipts/{receiptId},VAT breakdown in OCR data,,
Show me receipts with tax compliance issues,Digital Tax Invoices,GET,/spend-documents/v4/receipts,Filter for complianceStatus flags,,
How do I link a travel request to an expense report?,Cross-Module Integration,PUT,/api/v3.0/expense/reports/{id},Include travelRequestId in custom field or report,,
How can I mass update 100 user cost centers?,Administrative Tasks,POST,/profile/v4/Bulk/,100 PATCH operations updating SpendUser extension,,
How do I migrate users between expense groups?,Administrative Tasks,PATCH,/profile/v4/Users/{uuid},Update groupId in SpendUser extension,,
How do I retrieve all TMC bookings for reporting?,Travel Management,GET,/api/travel/trip/v1.1/trips,Filter by BookingSource=TMC,,
Can I see traveler preferences for booking?,Travel Management,GET,/api/travelprofile/v2.0/profile,"Returns seat, meal, room, loyalty preferences",,
How do I track unused airline tickets?,Travel Management,GET,/api/travelprofile/v2.0/profile,UnusedTickets section for reuse tracking,,
How do I manage travel arranger permissions?,Travel Management,PATCH,/profile/v4/Users/{uuid},Update TravelUser extension with arranger permissions,,
Can I track trip purpose for reporting?,Travel Management,GET,/api/travel/trip/v1.1/trips,Trip purpose in metadata,,
Show me custom field validation rules,Custom Fields & Extensions,GET,/expenseconfig/v4/users/{userId}/groupconfigs,"Field types, list associations, required flags",,
How do I create hierarchical custom lists?,Custom Fields & Extensions,POST,/list/v4/lists/{listId}/items,Use parentId to create hierarchy,,
Show me per diem expense creation,Special Scenarios,POST,/api/v3.0/expense/entries,"Body: expenseType=per diem, DailyRate, NumberOfDays",,
Show me hotel folio itemization,Special Scenarios,POST,/api/v3.0/expense/entries,Create parent hotel expense + itemizations for room/tax/fees,,
How does a hotel post a direct booking?,Partner & Supplier Integration,POST,/api/travel/booking/v1.1/,"Body: Hotel segment with confirmation, rate, dates",,
Show me e-receipt provider integration,Partner & Supplier Integration,POST,/receipts/v4/users/{userId},"Body: Receipt data matching schema (general, hotel, ground, air, car)",,
Can payment providers retrieve payment batches?,Partner & Supplier Integration,GET,/invoice/provider-payment/v4/payments,PaymentStatus=PENDING_RETRIEVAL,,
How does a TMC submit proposal options?,Partner & Supplier Integration,POST,/api/travel/trip/v1.1/,"Body: TripStatus=6 (Proposal), multiple booking options",,
Show me card issuer transaction posting,Partner & Supplier Integration,POST,/cards/v4/companies/{companyId}/transactions/bulk,Body: Array of card transactions with Level 2/3 data,,
How does a ground transport provider access pickup details?,Partner & Supplier Integration,GET,/api/v1.1/Itinerary/{tripId},Parse Air arrival or Hotel address for pickup location,,
Show me fixing PO receipt quantity errors,Edge Cases & Troubleshooting,PUT,/api/v3.0/invoice/purchaseorderreceipts,Body: Corrected ReceivedQuantity,,
Show me all expense reports waiting for my approval,Expense Reports,GET,/expensereports/v4/users/{userId}/context/MANAGER/reportsToApprove,Filter by approvalStatus,,
What's the total amount of expenses I submitted this month?,Expense Reports,GET,/api/v3.0/expense/reports,"user=me&submitDateAfter={monthStart}, sum TotalClaimedAmount",,
Can I see reports that have been rejected?,Expense Reports,GET,/api/v3.0/expense/reports,approvalStatusCode=A_RESU,,
Show me expense reports created from mobile app,Expense Reports,GET,/api/v3.0/expense/reports,reportSource=MOBILE,,
Which reports have duplicate expenses flagged?,Expense Reports,GET,/api/v3.0/expense/reports,"hasException=Y, filter for duplicate expense exceptions",,
What's my highest expense report this year?,Expense Reports,GET,/api/v3.0/expense/reports,"user=me&submitDateAfter={yearStart}, sort by TotalApprovedAmount DESC",,
Show me reports with mileage expenses,Expense Reports,GET,/api/v3.0/expense/entries,expenseTypeCode=MILEG&user=me,,
Can I see reports pending finance approval?,Expense Reports,GET,/api/v3.0/expense/reports,approvalStatusCode=A_APPR&paymentStatusCode=P_NOTP,,
Which reports were auto-approved?,Expense Reports,GET,/api/v3.0/expense/reports,Check workflow history for auto-approval,,
Show me reports with international expenses,Expense Reports,GET,/api/v3.0/expense/reports,hasForeignCurrency=Y,,
What reports have comments from me as an approver?,Expense Reports,GET,/expensereports/v4/users/{userId}/context/MANAGER/reportsToApprove,Check comment field,,
Can I see expense reports by date range?,Expense Reports,GET,/api/v3.0/expense/reports,submitDateAfter={startDate}&submitDateBefore={endDate},,
Show me reports with policy violations,Expense Reports,GET,/api/v3.0/expense/reports,hasException=Y,,
Which reports are in my queue for approval?,Expense Reports,GET,/expensereports/v4/users/{userId}/context/MANAGER/reportsToApprove,approvalStatus=PENDING,,
What's the status of report I submitted yesterday?,Expense Reports,GET,/api/v3.0/expense/reports,user=me&submitDateAfter={yesterday},,
Show me all my restaurant expenses,Expense Entries,GET,/api/v3.0/expense/entries,expenseTypeCode=DINNR&user=me,,
What are my taxi expenses for last month?,Expense Entries,GET,/api/v3.0/expense/entries,expenseTypeCode=TAXI&transactionDateAfter={lastMonth}&user=me,,
Can I see expenses without business purpose?,Expense Entries,GET,/api/v3.0/expense/entries,businessPurpose IS NULL or empty,,
Show me expenses with missing cost center,Expense Entries,GET,/api/v3.0/expense/entries,Filter for missing allocation or cost center,,
Which expenses exceed policy limits?,Expense Entries,GET,/api/v3.0/expense/entries,"hasException=Y, filter for amount exceptions",,
What are all my fuel expenses?,Expense Entries,GET,/api/v3.0/expense/entries,expenseTypeCode=FUEL&user=me,,
Show me expenses with duplicate merchant names,Expense Entries,GET,/api/v3.0/expense/entries,"Group by VendorDescription, find duplicates",,
Can I see all my uber expenses?,Expense Entries,GET,/api/v3.0/expense/entries,VendorDescription contains 'Uber'&user=me,,
What expenses were paid with corporate card?,Expense Entries,GET,/api/v3.0/expense/entries,paymentTypeCode=CBCP&user=me,,
Show me expenses requiring manager justification,Expense Entries,GET,/api/v3.0/expense/entries,"hasException=Y, filter for justification required",,
Which expenses have attendees?,Expense Entries,GET,/api/v3.0/expense/entries,hasAttendees=Y,,
Can I see all meal expenses over $50?,Expense Entries,GET,/api/v3.0/expense/entries,expenseTypeCode=MEALS&approvedAmount>50,,
Show me expenses allocated to multiple cost objects,Expense Entries,GET,/api/v3.0/expense/entries,allocationCount>1,,
What are my internet and phone expenses?,Expense Entries,GET,/api/v3.0/expense/entries,"expenseTypeCode in (INTNT,PHONE)&user=me",,
Show me expenses with VAT,Expense Entries,GET,/api/v3.0/expense/entries,"hasTax=Y, filter for VAT",,
Create a quick expense for lunch,Quick Expense,POST,/quickexpense/v4/users/{userId}/context/TRAVELER/quickexpenses,"Body: {expenseTypeId: LUNCH, transactionAmount, transactionDate}",,
Add a quick expense with receipt image,Quick Expense,POST,/quickexpense/v4/users/{userId}/context/TRAVELER/quickexpenses/image,multipart/form-data with image and expense details,,
Create a parking expense quickly,Quick Expense,POST,/quickexpense/v4/users/{userId}/context/TRAVELER/quickexpenses,"Body: {expenseTypeId: PARKN, transactionAmount, location, transactionDate}",,
Add a taxi expense on the go,Quick Expense,POST,/quickexpense/v4/users/{userId}/context/TRAVELER/quickexpenses,"Body: {expenseTypeId: TAXI, transactionAmount, transactionDate}",,
Create a quick expense for coffee,Quick Expense,POST,/quickexpense/v4/users/{userId}/context/TRAVELER/quickexpenses,"Body: {expenseTypeId: MEALS, transactionAmount, comment}",,
Submit my draft expense report,Workflows,PATCH,/expensereports/v4/users/{userId}/context/TRAVELER/reports/{reportId}/submit,Body: {comment: optional},,
Approve this expense report,Workflows,PATCH,/expensereports/v4/users/{userId}/context/MANAGER/reports/{reportId}/approve,"Body: {comment, expenseRejectedComment}",,
Recall my submitted report,Workflows,PATCH,/expensereports/v4/users/{userId}/context/TRAVELER/reports/{reportId}/recall,Body: {comment},,
Send back this report to employee,Workflows,PATCH,/expensereports/v4/users/{userId}/context/MANAGER/reports/{reportId}/sendBack,"Body: {comment, expenseRejectedComment}",,
Reject this expense report,Workflows,PATCH,/expensereports/v4/users/{userId}/context/MANAGER/reports/{reportId}/reject,Body: {comment},,
Show me all my travel requests,Travel Request,GET,/travelrequest/v4/requests,userId=me,,
What travel requests are pending approval?,Travel Request,GET,/travelrequest/v4/requests,approvalStatus=SUBMITTED,,
Can I see approved travel requests?,Travel Request,GET,/travelrequest/v4/requests,approvalStatus=APPROVED,,
Show me travel requests for next month,Travel Request,GET,/travelrequest/v4/requests,startDate>={nextMonth}&startDate<={nextMonthEnd},,
What's the total cost of my pending travel requests?,Travel Request,GET,/travelrequest/v4/requests,"approvalStatus=SUBMITTED, sum totalPostedAmount",,
Create a new travel request,Travel Request,POST,/travelrequest/v4/requests,"Body: {name, businessPurpose, startDate, endDate, expectedExpenses}",,
Update my travel request,Travel Request,PUT,/travelrequest/v4/requests/{requestId},Body: updated request details,,
Delete my draft travel request,Travel Request,DELETE,/travelrequest/v4/requests/{requestId},Request must be in DRAFT status,,
Get details of a specific travel request,Travel Request,GET,/travelrequest/v4/requests/{requestId},Returns complete request details,,
Show me travel requests by cost center,Travel Request,GET,/travelrequest/v4/requests,Filter by cost center custom field,,
Show me my upcoming trips,Travel Itinerary,GET,/api/travel/trip/v1.1/trips,Filter for future departure dates,,
What trips do I have this month?,Travel Itinerary,GET,/api/travel/trip/v1.1/trips,startDate>={monthStart}&endDate<={monthEnd},,
Can I see details of my next trip?,Travel Itinerary,GET,/api/v1.1/Itinerary/{tripId},Returns complete itinerary,,
Show me all my flight bookings,Travel Itinerary,GET,/api/travel/trip/v1.1/trips,Parse air segments from trips,,
What hotel reservations do I have?,Travel Itinerary,GET,/api/travel/trip/v1.1/trips,Parse hotel segments from trips,,
Can I see my travel itinerary for next week?,Travel Itinerary,GET,/api/travel/trip/v1.1/trips,startDate>={nextWeek}&endDate<={nextWeekEnd},,
Show me trips with car rentals,Travel Itinerary,GET,/api/travel/trip/v1.1/trips,Parse car rental segments,,
What's my travel schedule for Q4?,Travel Itinerary,GET,/api/travel/trip/v1.1/trips,startDate>=Q4Start&endDate<=Q4End,,
Can I see cancelled trips?,Travel Itinerary,GET,/api/travel/trip/v1.1/trips,tripStatus=CANCELLED,,
Show me trips to New York,Travel Itinerary,GET,/api/travel/trip/v1.1/trips,Filter by destination location,,
Get my travel profile,Travel Profile,GET,/api/v2/profile/,Returns complete travel profile,,
Show me my loyalty programs,Travel Profile,GET,/api/v2/profile/loyalty,Returns all loyalty program memberships,,
What are my TSA PreCheck details?,Travel Profile,GET,/api/v2/profile/,Check securityInformation,,
Can I see my passport information?,Travel Profile,GET,/api/v2/profile/,Check passports array,,
Show me my preferred airlines,Travel Profile,GET,/api/v2/profile/,Check airlineMemberships,,
What's my home airport?,Travel Profile,GET,/api/v2/profile/,Check homeAirport field,,
Update my travel preferences,Travel Profile,PUT,/api/v2/profile/,Body: updated profile data,,
Add a new loyalty program,Travel Profile,POST,/api/v2/profile/loyalty,Body: loyalty program details,,
Update my passport information,Travel Profile,PUT,/api/v2/profile/,Body: updated passport data,,
Show me my hotel preferences,Travel Profile,GET,/api/v2/profile/,Check hotelMemberships and preferences,,
Show me all pending invoices,Invoice,GET,/api/v3.0/invoice/invoices,paymentStatus=PENDING,,
What invoices are overdue?,Invoice,GET,/api/v3.0/invoice/invoices,dueDate<{today}&paymentStatus=NOTPAID,,
Can I see paid invoices from last month?,Invoice,GET,/api/v3.0/invoice/invoices,paymentStatus=PAID&paidDateAfter={lastMonth},,
Show me invoices by vendor,Invoice,GET,/api/v3.0/invoice/invoices,vendorCode={vendorCode},,
What's the total of unpaid invoices?,Invoice,GET,/api/v3.0/invoice/invoices,"paymentStatus=NOTPAID, sum invoiceAmount",,
Create a new invoice,Invoice,POST,/api/v3.0/invoice/invoices,Body: invoice details including line items,,
Update invoice payment status,Invoice,PUT,/api/v3.0/invoice/invoices/{invoiceId},"Body: {paymentStatus, paidDate}",,
Show me invoices pending approval,Invoice,GET,/api/v3.0/invoice/invoices,approvalStatus=PENDING,,
"What invoices exceed $10,000?",Invoice,GET,/api/v3.0/invoice/invoices,invoiceAmount>10000,,
Can I see invoices with tax details?,Invoice,GET,/api/v3.0/invoice/invoices,hasTax=Y,,
Show me all open purchase orders,Purchase Orders,GET,/api/v3.0/invoice/purchaseorders,status=OPEN,,
What purchase orders are over budget?,Purchase Orders,GET,/api/v3.0/invoice/purchaseorders,totalAmount>budgetAmount,,
Can I see POs by vendor?,Purchase Orders,GET,/api/v3.0/invoice/purchaseorders,vendorCode={vendorCode},,
Show me purchase orders awaiting goods receipt,Purchase Orders,GET,/api/v3.0/invoice/purchaseorders,status=PENDING_RECEIPT,,
What's the total value of my open POs?,Purchase Orders,GET,/api/v3.0/invoice/purchaseorders,"status=OPEN, sum totalAmount",,
Create a new purchase order,Purchase Orders,POST,/api/v3.0/invoice/purchaseorders,Body: PO details with line items,,
Update purchase order status,Purchase Orders,PUT,/api/v3.0/invoice/purchaseorders/{poId},"Body: {status, receivedDate}",,
Show me POs created this quarter,Purchase Orders,GET,/api/v3.0/invoice/purchaseorders,createDateAfter={quarterStart},,
What purchase orders need approval?,Purchase Orders,GET,/api/v3.0/invoice/purchaseorders,approvalStatus=PENDING,,
Can I see closed purchase orders?,Purchase Orders,GET,/api/v3.0/invoice/purchaseorders,status=CLOSED,,
Show me all active vendors,Vendors,GET,/api/v3.0/invoice/vendors,status=ACTIVE,,
What vendors are pending approval?,Vendors,GET,/api/v3.0/invoice/vendors,status=PENDING,,
Can I search for a vendor by name?,Vendors,GET,/api/v3.0/invoice/vendors,vendorName contains {searchTerm},,
Show me vendors with payment terms,Vendors,GET,/api/v3.0/invoice/vendors,paymentTerms IS NOT NULL,,
What's the contact info for this vendor?,Vendors,GET,/api/v3.0/invoice/vendors/{vendorId},Returns vendor details,,
Create a new vendor,Vendors,POST,/api/v3.0/invoice/vendors,Body: vendor details,,
Update vendor information,Vendors,PUT,/api/v3.0/invoice/vendors/{vendorId},Body: updated vendor data,,
Show me vendors by country,Vendors,GET,/api/v3.0/invoice/vendors,country={countryCode},,
What vendors have banking information?,Vendors,GET,/api/v3.0/invoice/vendors,hasBankingInfo=Y,,
Can I see inactive vendors?,Vendors,GET,/api/v3.0/invoice/vendors,status=INACTIVE,,
Show me all expense lists,Lists,GET,/list/v4/lists,category=Expense,,
What items are in my project list?,Lists,GET,/list/v4/lists/{listId}/items,Returns all list items,,
Can I search for a list item?,Lists,GET,/list/v4/items,value contains {searchTerm},,
Show me all custom field lists,Lists,GET,/list/v4/lists,Filter by type,,
What's the details of a specific list?,Lists,GET,/list/v4/lists/{listId},Returns list details,,
Create a new list,Lists,POST,/list/v4/lists,Body: list details,,
Add an item to a list,Lists,POST,/list/v4/lists/{listId}/items,Body: item details,,
Update a list item,Lists,PUT,/list/v4/lists/{listId}/items/{itemId},Body: updated item data,,
Delete a list item,Lists,DELETE,/list/v4/lists/{listId}/items/{itemId},Soft delete item,,
Show me hierarchical list items,Lists,GET,/list/v4/lists/{listId}/items,Filter by parentCode,,
Get my user profile,Identity,GET,/identity/v4.1/Users/{userId},Returns complete user profile,,
Show me my email addresses,Identity,GET,/identity/v4.1/Users/{userId},Check emails array,,
What's my user ID?,Identity,GET,/identity/v4.1/Users,userName={emailAddress},,
Can I see my roles and permissions?,Identity,GET,/identity/v4.1/Users/{userId},Check roles array,,
Show me users in my organization,Identity,GET,/identity/v4.1/Users,companyId={companyId},,
Update my user profile,Identity,PATCH,/identity/v4.1/Users/{userId},Body: SCIM patch operations,,
Search for a user by email,Identity,GET,/identity/v4.1/Users,filter=emails.value eq {email},,
What's my manager's information?,Identity,GET,/identity/v4.1/Users/{userId},Check manager field,,
Show me users by department,Identity,GET,/identity/v4.1/Users,filter=department eq {dept},,
Can I see inactive users?,Identity,GET,/identity/v4.1/Users,filter=active eq false,,
Get a receipt image,Receipt Images,GET,/api/v4/spend-documents/receipts/{receiptId},Returns receipt metadata and image,,
Show me all receipts for a report,Receipt Images,GET,/expensereports/v4/reports/{reportId}/expenses,Check imageId for each expense,,
Upload a receipt image,Receipt Images,POST,/receipts,multipart/form-data with image,,
What receipts are unattached to expenses?,Receipt Images,GET,/api/v4/spend-documents/receipts,Filter for unmatched receipts,,
Can I see the OCR data from a receipt?,Receipt Images,GET,/api/v4/spend-documents/receipts/{receiptId},Check extracted fields,,
Delete a receipt image,Receipt Images,DELETE,/receipts/{receiptId},Remove receipt,,
Show me receipts uploaded from mobile,Receipt Images,GET,/api/v4/spend-documents/receipts,source=MOBILE,,
What receipts need manual review?,Receipt Images,GET,/api/v4/spend-documents/receipts,reviewStatus=PENDING,,
Can I update receipt metadata?,Receipt Images,PUT,/api/v4/spend-documents/receipts/{receiptId},Body: updated metadata,,
Show me receipts from last week,Receipt Images,GET,/api/v4/spend-documents/receipts,uploadDateAfter={lastWeek},,
Show me allocations for an expense,Allocations,GET,/expensereports/v4/reports/{reportId}/expenses/{expenseId}/allocations,Returns all allocations,,
What's the allocation split for this expense?,Allocations,GET,/expensereports/v4/reports/{reportId}/expenses/{expenseId}/allocations,Check percentage field,,
Can I add an allocation to an expense?,Allocations,POST,/expensereports/v4/reports/{reportId}/expenses/{expenseId}/allocations,Body: allocation details,,
Update expense allocation,Allocations,PUT,/expensereports/v4/reports/{reportId}/expenses/{expenseId}/allocations/{allocationId},Body: updated allocation,,
Delete an allocation,Allocations,DELETE,/expensereports/v4/reports/{reportId}/expenses/{expenseId}/allocations/{allocationId},Remove allocation,,
Show me expenses allocated to a project,Allocations,GET,/api/v3.0/expense/entries,Filter by customField projectCode,,
What's the total allocated to cost center 1000?,Allocations,GET,/api/v3.0/expense/entries,"Filter by allocation costCenter, sum amounts",,
Can I see unallocated expenses?,Allocations,GET,/api/v3.0/expense/entries,allocationState=NOT_ALLOCATED,,
Show me fully allocated expenses,Allocations,GET,/api/v3.0/expense/entries,allocationState=FULLY_ALLOCATED,,
What expenses are partially allocated?,Allocations,GET,/api/v3.0/expense/entries,allocationState=PARTIALLY_ALLOCATED,,
Show me attendees for this expense,Attendees,GET,/expensereports/v4/reports/{reportId}/expenses/{expenseId}/attendees,Returns all attendees,,
Add attendees to a meal expense,Attendees,POST,/expensereports/v4/reports/{reportId}/expenses/{expenseId}/attendees,Body: attendee details array,,
Update attendee information,Attendees,PUT,/expensereports/v4/reports/{reportId}/expenses/{expenseId}/attendees/{attendeeId},Body: updated attendee data,,
Delete an attendee from expense,Attendees,DELETE,/expensereports/v4/reports/{reportId}/expenses/{expenseId}/attendees/{attendeeId},Remove attendee,,
Show me all expenses with external attendees,Attendees,GET,/api/v3.0/expense/entries,"hasAttendees=Y, filter for external",,
What expenses have more than 5 attendees?,Attendees,GET,/api/v3.0/expense/entries,attendeeCount>5,,
Can I see my entertainment expenses with attendees?,Attendees,GET,/api/v3.0/expense/entries,expenseTypeCode=ENTRN&hasAttendees=Y,,
Show me attendees who are clients,Attendees,GET,/expensereports/v4/reports/{reportId}/expenses/{expenseId}/attendees,Filter by attendeeType=CLIENT,,
What's the per-person cost for this meal?,Attendees,GET,/expensereports/v4/reports/{reportId}/expenses/{expenseId}/attendees,Divide expense amount by attendee count,,
Can I see all meals with VIP attendees?,Attendees,GET,/api/v3.0/expense/entries,"expenseTypeCode=MEALS&hasAttendees=Y, filter for VIP",,
Show me my corporate card transactions,Corporate Cards,GET,/api/v4/cards/transactions,accountId={accountId},,
What unmatched card transactions do I have?,Corporate Cards,GET,/api/v4/cards/transactions,status=UNMATCHED,,
Can I see card transactions from last month?,Corporate Cards,GET,/api/v4/cards/transactions,transactionDateAfter={lastMonth},,
Show me pending card transactions,Corporate Cards,GET,/api/v4/cards/transactions,status=PENDING,,
What's my total card spending this month?,Corporate Cards,GET,/api/v4/cards/transactions,"transactionDateAfter={monthStart}, sum amount",,
Match a card transaction to an expense,Corporate Cards,POST,/api/v4/cards/transactions/{transactionId}/match,Body: {expenseId},,
Show me card transactions at a specific merchant,Corporate Cards,GET,/api/v4/cards/transactions,merchantName contains {searchTerm},,
What card transactions exceed $500?,Corporate Cards,GET,/api/v4/cards/transactions,amount>500,,
Can I see declined card transactions?,Corporate Cards,GET,/api/v4/cards/transactions,status=DECLINED,,
Show me all my card accounts,Corporate Cards,GET,/api/v4/cards/accounts,Returns all card accounts,,
What are my expense policies?,Policy,GET,/expenseconfig/v4/users/{userId}/policies,Returns all applicable policies,,
Show me expense types for my policy,Policy,GET,/expenseconfig/v4/users/{userId}/policies/{policyId}/expensetypes,Returns allowed expense types,,
What payment types are available?,Policy,GET,/expenseconfig/v4/users/{userId}/paymenttypes,Returns payment types,,
Can I see my default expense policy?,Policy,GET,/expenseconfig/v4/users/{userId}/policies,Filter for isDefault=true,,
Show me policy limits for airfare,Policy,GET,/expenseconfig/v4/users/{userId}/policies/{policyId}/expensetypes,Filter for expenseTypeCode=AIRFR,,
What's my daily meal allowance?,Policy,GET,/expenseconfig/v4/users/{userId}/policies/{policyId}/expensetypes,Check MEALS expense type limits,,
Can I see receipt requirements by expense type?,Policy,GET,/expenseconfig/v4/users/{userId}/policies/{policyId}/expensetypes,Check receiptRequired field,,
Show me which expenses require manager approval,Policy,GET,/expenseconfig/v4/users/{userId}/policies/{policyId}/expensetypes,Check approvalRequired field,,
What's my mileage reimbursement rate?,Policy,GET,/expenseconfig/v4/users/{userId}/policies/{policyId}/expensetypes,Check MILEG rate,,
Can I see all expense categories?,Policy,GET,/expenseconfig/v4/users/{userId}/policies/{policyId}/expensetypes,Filter for isCategory=true,,
Generate expense report summary,Reporting,GET,/api/v3.0/expense/reports,"user=ALL, aggregate by status and amount",,
What's my team's total expenses this quarter?,Reporting,GET,/api/v3.0/expense/reports,"user=ALL&submitDateAfter={quarterStart}, sum amounts",,
Show me expense trends by category,Reporting,GET,/api/v3.0/expense/entries,"Group by expenseTypeCode, aggregate amounts",,
What's the average report approval time?,Reporting,GET,/api/v3.0/expense/reports,Calculate difference between submitDate and approvedDate,,
Can I see compliance metrics?,Reporting,GET,/api/v3.0/expense/reports,Calculate exception rate and policy compliance,,
Show me top spending categories,Reporting,GET,/api/v3.0/expense/entries,"Group by expenseType, sort by sum DESC",,
What's my reimbursement forecast?,Reporting,GET,/api/v3.0/expense/reports,"approvalStatus=APPROVED, sum AmountDueEmployee",,
Can I see expense velocity by month?,Reporting,GET,/api/v3.0/expense/reports,"Group by month, count reports",,
Show me out-of-policy expense percentage,Reporting,GET,/api/v3.0/expense/reports,Calculate hasException rate,,
What's the average expense report value?,Reporting,GET,/api/v3.0/expense/reports,Calculate mean of TotalApprovedAmount,,
Show me users I'm delegated for,Delegation,GET,/api/v3.0/expense/reports,delegateLoginID=me,,
Can I act on behalf of my manager?,Delegation,GET,/expensereports/v4/users/{managerId}/context/TRAVELER/reports,Use as delegate,,
Show me delegation permissions,Delegation,GET,/identity/v4.1/Users/{userId},Check delegations array,,
Create an expense for someone else,Delegation,POST,/expensereports/v4/users/{userId}/context/TRAVELER/reports,Acting as delegate,,
Submit report as delegate,Delegation,PATCH,/expensereports/v4/users/{userId}/context/TRAVELER/reports/{reportId}/submit,Delegate submission,,
Show me all expense categories configured,Configuration,GET,/expenseconfig/v4/users/{userId}/policies/{policyId}/expensetypes,isCategory=true,,
What currencies are supported?,Configuration,GET,/api/v3.0/common/currencies,Returns supported currencies,,
Can I see exchange rates?,Configuration,GET,/api/v3.0/common/exchangerates,from={currency}&to={currency},,
Show me company locations,Configuration,GET,/api/v3.0/common/locations,Returns configured locations,,
What custom fields are configured?,Configuration,GET,/api/v3.0/expense/reports/schema,Returns custom field definitions,,
Can I see tax configurations?,Configuration,GET,/api/v3.0/common/taxconfigurations,Returns tax rules,,
Show me payment batch configurations,Configuration,GET,/api/v3.0/expense/paymentbatches,Returns batch settings,,
What approval workflows are configured?,Configuration,GET,/api/v3.0/expense/workflowsteps,Returns workflow definitions,,
Can I see audit rules?,Configuration,GET,/api/v3.0/expense/auditrules,Returns configured audit rules,,
Show me form field configurations,Configuration,GET,/api/v4.1/expense/FormFields,Returns form field definitions,,
Show me reports created on mobile,Mobile,GET,/api/v3.0/expense/reports,reportSource=MOBILE,,
What expenses were added via mobile app?,Mobile,GET,/api/v3.0/expense/entries,source=MOBILE,,
Can I see mobile app usage statistics?,Mobile,GET,/api/v3.0/expense/reports,"Group by reportSource, count MOBILE",,
Show me expenses with mobile-captured receipts,Mobile,GET,/api/v3.0/expense/entries,receiptSource=MOBILE,,
What quick expenses were created?,Mobile,GET,/quickexpense/v4/users/{userId}/context/TRAVELER/quickexpenses,Returns all quick expenses,,
Show me expenses flagged for audit,Audit & Compliance,GET,/api/v3.0/expense/reports,concurAuditStatus=AUDI or auditRequired=Y,,
What reports failed audit?,Audit & Compliance,GET,/api/v3.0/expense/reports,concurAuditStatus=FAIL,,
Can I see audit queue?,Audit & Compliance,GET,/api/v3.0/expense/reports,concurAuditStatus=PEND,,
Show me expenses with compliance issues,Audit & Compliance,GET,/api/v3.0/expense/entries,hasException=Y&exceptionType=COMPLIANCE,,
What's the audit pass rate?,Audit & Compliance,GET,/api/v3.0/expense/reports,Calculate PASS vs FAIL ratio,,
Can I see duplicate expense detections?,Audit & Compliance,GET,/api/v3.0/expense/entries,hasException=Y&exceptionType=DUPLICATE,,
Show me expenses missing required fields,Audit & Compliance,GET,/api/v3.0/expense/entries,hasException=Y&exceptionType=MISSING_DATA,,
What reports are in exception queue?,Audit & Compliance,GET,/api/v3.0/expense/reports,hasException=Y,,
Can I see audit trail for a report?,Audit & Compliance,GET,/expensereports/v4/reports/{reportId},Check workflow history,,
Show me reports with processor comments,Audit & Compliance,GET,/expensereports/v4/reports/{reportId},Check comments for processor role,,
Get financial integration data,Financial Integration,GET,/api/v4/financial-integration/fi-docs,Returns FI documents,,
Show me GL postings for approved reports,Financial Integration,GET,/api/v4/financial-integration/fi-docs,status=APPROVED,,
What's ready for export to ERP?,Financial Integration,GET,/api/v4/financial-integration/fi-docs,exportStatus=READY,,
Can I see account coding for expenses?,Financial Integration,GET,/api/v4/financial-integration/fi-docs,Returns account codes,,
Show me exported transactions,Financial Integration,GET,/api/v4/financial-integration/fi-docs,exportStatus=EXPORTED&exportDateAfter={date},,
What reports have GL errors?,Financial Integration,GET,/api/v4/financial-integration/fi-docs,exportStatus=ERROR,,
Can I see payment file data?,Financial Integration,GET,/api/v4/financial-integration/fi-docs,documentType=PAYMENT,,
Show me tax details for integration,Financial Integration,GET,/api/v4/financial-integration/fi-docs,Include tax breakdown,,
What's pending for financial approval?,Financial Integration,GET,/api/v4/financial-integration/fi-docs,status=PENDING_PROCESSOR,,
Can I see journal entry details?,Financial Integration,GET,/api/v4/financial-integration/fi-docs,documentType=JOURNAL,,
Show me my expense report history,Expense Reports,GET,/api/v3.0/expense/reports,"user=me&limit=100, sort by submitDate DESC",,
What's my average monthly expense spending?,Expense Reports,GET,/api/v3.0/expense/reports,"user=me&submitDateAfter={6MonthsAgo}, calculate monthly average",,
Show me expenses with custom field Project Alpha,Expense Entries,GET,/api/v3.0/expense/entries,customField[projectCode]=ALPHA,,
Can I see my year-to-date expense summary?,Reporting,GET,/api/v3.0/expense/reports,"user=me&submitDateAfter={yearStart}, aggregate by category",,
What expense reports need my signature?,Workflows,GET,/expensereports/v4/users/{userId}/context/MANAGER/reportsToApprove,Filter for reports requiring approver signature,,
Show me all pending travel bookings,Travel Itinerary,GET,/api/travel/trip/v1.1/trips,tripStatus=PENDING&startDate>={today},,
What's my employee reimbursement balance?,Expense Reports,GET,/expensereports/v4/reports,"approvalStatus=APPROVED, sum AmountDueEmployee - paymentStatus=PAID",,
Can I see expenses by GL account code?,Financial Integration,GET,/api/v4/financial-integration/fi-docs,"Group by accountCode, aggregate amounts",,
Show me my delegate report approvals,Workflows,GET,/expensereports/v4/users/{userId}/context/MANAGER/reportsToApprove,Filter for reports where acting as delegate,,
What expense violations occurred this month?,Audit & Compliance,GET,/api/v3.0/expense/entries,"hasException=Y&transactionDateAfter={monthStart}, group by exception type",,
Can I see my credit card statement reconciliation?,Corporate Cards,GET,/api/v4/cards/transactions,"accountId={accountId}, compare matched vs unmatched counts",,
